{
    "IoU": 0.5645871608703924,
    "F1": 0.7217075213073358,
    "Pixel Accuracy": 0.9545750790550596,
    "Regional Damage Index": 0.0952323986235119
}